{
    "quizs": 
    {
        "q1": {
            "id": 1,
            "questionField": "SPORT",
            "questionType": "selection",
            "mainQuestion": "what is the best team in the universe",
            "options": [
                "Barcelona",
                "Juventus",
                "Real Madrid",
                "Bne Sakhnin"
            ],
            "answer": "Real Madrid"
        },
        "q2": {
            "id": 1,
            "questionField": "MATH",
            "questionType": "openAnswer",
            "mainQuestion": "what is the mass of Hydrogine Moleclular Particles of the beams of the sun in time explosion",
            "options": [
            ],
            "answer": "IDontKnow"
        },
        "q3": {
            "id": 1,
            "questionField": "TRAVEL",
            "questionType": "multpleAnswer",
            "mainQuestion": "most visited tow cities in 2022",
            "options": [
                "Vienna",
                "Istanbul",
                "Rio De jenero",
                "New York"
            ],
            "answer": "['Istanbul', 'Vienna']"
        }
    }
}